_id;consensus;crypto;fighter_prob;fighter_elo_change;fighter_elo;match_id;avg_Market_Opportunity;avg_Underlying_Technology;avg_Ecosystem_Structure;avg_Core_Team;avg_token_Economics;avg_Token_Performance;avg_Roadmap_Progress;avg_T_landed;winner;date
1;Poof_work;LEO;0.78726;0;1568;1;9.8;8.3;9.5;8.0;8.2;8.4;6.7;8.5;1;01/03/2022
2;Poof_work;XMR;0.77729;0;1572;2;9.8;8.3;9.5;8.0;8.2;8.4;6.7;8.5;1;02/03/2022
3;Poof_work;ZEC;0.77732;0;1576;3;9.8;8.3;9.5;8.0;8.2;8.4;6.7;8.5;1;03/03/2022
4;Poof_work;GNO;0.77735;0;1580;4;9.8;8.3;9.5;8.0;8.2;8.4;6.7;8.5;1;04/03/2022
5;Poof_work;LEO;0.77738;0;1584;5;9.8;8.3;9.5;8.0;8.2;8.4;6.7;8.5;1;05/03/2022
6;Poof_work;XMR;0.77741;0;1588;6;9.8;8.3;9.5;8.0;8.2;8.4;6.7;8.5;1;06/03/2022
7;Poof_work;ZEC;0.77744;0;1592;7;9.8;8.3;9.5;8.0;8.2;8.4;6.7;8.5;1;07/03/2022
8;Poof_work;GNO;0.77747;0;1596;8;9.8;8.3;9.5;8.0;8.2;8.4;6.7;8.5;1;08/03/2022
9;Poof_work;BCH;0.77750;0;1600;9;9.8;8.3;9.5;8.0;8.2;8.4;6.7;8.5;1;09/03/2022
10;Poof_work;LEO;0.77753;0;1604;10;9.8;8.3;9.5;8.0;8.2;8.4;6.7;8.5;1;10/03/2022
11;Poof_work;XMR;0.77756;0;1608;11;9.8;8.3;9.5;8.0;8.2;8.4;6.7;8.5;1;11/03/2022
12;Poof_work;ETC;0.77759;0;1612;12;9.8;8.3;9.5;8.0;8.2;8.4;6.7;8.5;1;12/03/2022
13;Poof_work;ZEC;0.77762;0;1616;13;9.8;8.3;9.5;8.0;8.2;8.4;6.7;8.5;1;13/03/2022
14;Poof_work;GNO;0.77765;0;1620;14;9.8;8.3;9.5;8.0;8.2;8.4;6.7;8.5;1;14/03/2022
15;Poof_work;LTC;0.77768;0;1624;15;9.8;8.3;9.5;8.0;8.2;8.4;6.7;8.5;1;15/03/2022
16;Poof_work;BCH;0.77771;0;1628;16;9.8;8.3;9.5;8.0;8.2;8.4;6.7;8.5;1;16/03/2022
17;Poof_work;LEO;0.77774;0;1632;17;9.8;8.3;9.5;8.0;8.2;8.4;6.7;8.5;1;17/03/2022
18;Poof_work;XMR;0.77777;0;1636;18;9.8;8.3;9.5;8.0;8.2;8.4;6.7;8.5;1;18/03/2022
19;Poof_work;ETC;0.76311185;0;1403,951613;19;9.0;7.5;9.5;8.0;8.0;6.5;6.5;7.9;1;19/03/2022
20;Poof_work;ZEC;0.76470588;0;1401,427419;20;9.0;7.5;9.5;8.0;8.0;6.5;6.5;7.9;1;20/03/2022
21;Poof_work;KCS;0.74944366;0;1398,903226;21;9.0;7.5;9.5;8.0;8.0;6.5;6.5;7.9;1;21/03/2022
22;Poof_work;BSV;0.76311185;0;1396,379032;22;9.0;7.5;9.5;8.0;8.0;6.5;6.5;7.9;1;22/03/2022
23;Poof_work;COMP;0.76470588;0;1393,854839;23;9.0;7.5;9.5;8.0;8.0;6.5;6.5;7.9;1;23/03/2022
24;Poof_work;GNO;0.74944366;0;1391,330645;24;9.0;7.5;9.5;8.0;8.0;6.5;6.5;7.9;1;24/03/2022
25;Poof_work;LEO;0.76311185;0;1388,806452;25;9.0;7.5;9.5;8.0;8.0;6.5;6.5;7.9;1;25/03/2022
26;Poof_work;XMR;0.76470588;0;1386,282258;26;9.0;7.5;9.5;8.0;8.0;6.5;6.5;7.9;1;26/03/2022
27;Poof_work;MANA;0.74944366;0;1383,758065;27;9.0;7.5;9.5;8.0;8.0;6.5;6.5;7.9;1;27/03/2022
28;Poof_work;AXS;0.76311185;0;1381,233871;28;9.0;7.5;9.5;8.0;8.0;6.5;6.5;7.9;1;28/03/2022
29;Poof_work;ZEC;0.76470588;0;1378,709677;29;9.0;7.5;9.5;8.0;8.0;6.5;6.5;7.9;1;29/03/2022
30;Poof_work;KCS;0.74944366;0;1376,185484;30;9.0;7.5;9.5;8.0;8.0;6.5;6.5;7.9;1;30/03/2022
31;Poof_work;ENJ;0.76311185;0;1373,66129;31;9.0;7.5;9.5;8.0;8.0;6.5;6.5;7.9;1;31/03/2022
32;Poof_work;KDA;0.76470588;0;1371,137097;32;9.0;7.5;9.5;8.0;8.0;6.5;6.5;7.9;1;01/04/2022
33;Poof_work;GNO;0.74944366;0;1368,612903;33;9.0;7.5;9.5;8.0;8.0;6.5;6.5;7.9;1;02/04/2022
34;Poof_work;LEO;0.76311185;0;1366,08871;34;9.0;7.5;9.5;8.0;8.0;6.5;6.5;7.9;1;03/04/2022
35;Poof_work;XMR;0.76470588;0;1363,564516;35;9.0;7.5;9.5;8.0;8.0;6.5;6.5;7.9;1;04/04/2022
36;Poof_work;ETC;0.475;0;1361,040323;36;5.0;3.0;5.0;3.0;5.0;5.0;3.0;4.2;1;05/04/2022
37;Poof_work;MANA;0.485;0;1358,516129;37;5.0;3.0;5.0;3.0;5.0;5.0;3.0;4.2;1;06/04/2022
38;Poof_work;AXS;0.495;0;1355,991935;38;5.0;3.0;5.0;3.0;5.0;5.0;3.0;4.2;1;07/04/2022
39;Poof_work;ZEC;0.505;0;1353,467742;39;5.0;3.0;5.0;3.0;5.0;5.0;3.0;4.2;1;08/04/2022
40;Poof_work;KCS;0.515;0;1350,943548;40;5.0;3.0;5.0;3.0;5.0;5.0;3.0;4.2;1;09/04/2022
41;Poof_work;ENJ;0.525;0;1348,419355;41;5.0;3.0;5.0;3.0;5.0;5.0;3.0;4.2;1;10/04/2022
42;Poof_work;KDA;0.535;0;1345,895161;42;5.0;3.0;5.0;3.0;5.0;5.0;3.0;4.2;1;11/04/2022
43;Poof_work;AUDIO;0.545;0;1343,370968;43;5.0;3.0;5.0;3.0;5.0;5.0;3.0;4.2;1;12/04/2022
44;Poof_work;GNO;0.555;0;1340,846774;44;5.0;3.0;5.0;3.0;5.0;5.0;3.0;4.2;1;13/04/2022
45;Poof_work;AXS;0.565;0;1338,322581;45;5.0;3.0;5.0;3.0;5.0;5.0;3.0;4.2;1;14/04/2022
46;Poof_work;MANA;0.575;0;1335,798387;46;5.0;3.0;5.0;3.0;5.0;5.0;3.0;4.2;1;15/04/2022
47;Poof_work;AXS;0.585;0;1333,274194;47;5.0;3.0;5.0;3.0;5.0;5.0;3.0;4.2;1;16/04/2022
48;Poof_work;KCS;0.595;0;1330,75;48;5.0;3.0;5.0;3.0;5.0;5.0;3.0;4.2;1;17/04/2022
49;Poof_work;GNO;0.605;0;1328,225806;49;5.0;3.0;5.0;3.0;5.0;5.0;3.0;4.2;1;18/04/2022
50;Poof_work;MANA;0.615;0;1325,701613;50;5.0;3.0;5.0;3.0;5.0;5.0;3.0;4.2;1;19/04/2022
51;Poof_work;AXS;0.625;0;1323,177419;51;5.0;3.0;5.0;3.0;5.0;5.0;3.0;4.2;1;20/04/2022
52;Poof_work;ZEC;0.33324;0;1320,653226;52;3.0;3.0;5.0;3.0;5.0;5.0;5.0;4.2;1;21/04/2022
53;Poof_work;KCS;0.33330;0;1318,129032;53;3.0;3.0;5.0;3.0;5.0;5.0;5.0;4.2;1;22/04/2022
54;Poof_work;ENJ;0.33333;0;1315,604839;54;3.0;3.0;5.0;3.0;5.0;5.0;5.0;4.2;1;23/04/2022
55;Poof_work;KDA;0.33324;0;1313,080645;55;3.0;3.0;5.0;3.0;5.0;5.0;5.0;4.2;1;24/04/2022
56;Poof_work;AUDIO;0.33330;0;1310,556452;56;3.0;3.0;5.0;3.0;5.0;5.0;5.0;4.2;1;25/04/2022
57;Poof_work;GNO;0.33333;0;1308,032258;57;3.0;3.0;5.0;3.0;5.0;5.0;5.0;4.2;1;26/04/2022
58;Poof_work;AXS;0.33324;0;1305,508065;58;3.0;3.0;5.0;3.0;5.0;5.0;5.0;4.2;1;27/04/2022
59;Poof_work;GNO;0.33330;0;1302,983871;59;3.0;3.0;5.0;3.0;5.0;5.0;5.0;4.2;1;28/04/2022
348;Poof_work;KCS;0.33333;0;1300,459677;60;3.0;3.0;5.0;3.0;5.0;5.0;5.0;4.2;1;29/04/2022
60;Poof_work;ENJ;0.33324;0;1297,935484;61;3.0;3.0;5.0;3.0;5.0;5.0;5.0;4.2;1;30/04/2022
61;Poof_work;KDA;0.33330;0;1295,41129;62;3.0;3.0;5.0;3.0;5.0;5.0;5.0;4.2;1;01/05/2022
62;Poof_work;GNO;0.33333;0;1292,887097;63;3.0;3.0;5.0;3.0;5.0;5.0;5.0;4.2;1;02/05/2022
63;Poof_work;GNO;0.33324;0;1290,362903;64;3.0;3.0;5.0;3.0;5.0;5.0;5.0;4.2;1;03/05/2022
64;Poof_work;ENJ;0.33330;0;1287,83871;65;3.0;3.0;5.0;3.0;5.0;5.0;5.0;4.2;1;04/05/2022
65;Poof_work;KDA;0.33333;0;1285,314516;66;3.0;3.0;5.0;3.0;5.0;5.0;5.0;4.2;1;05/05/2022
66;Poof_work;AUDIO;0.35714234;0;1282,790323;67;5.5;6.0;6.0;6.5;8.0;6.0;4.0;6;1;06/05/2022
67;Poof_work;GNO;0.35714238;0;1280,266129;68;5.5;6.0;6.0;6.5;8.0;6.0;4.0;6;1;07/05/2022
68;Poof_work;KDA;0.35714242;0;1277,741935;69;5.5;6.0;6.0;6.5;8.0;6.0;4.0;6;1;08/05/2022
69;Poof_work;AUDIO;0.35714246;0;1275,217742;70;5.5;6.0;6.0;6.5;8.0;6.0;4.0;6;1;09/05/2022
70;Poof_work;GNO;0.35714250;0;1272,693548;71;5.5;6.0;6.0;6.5;8.0;6.0;4.0;6;1;10/05/2022
349;Poof_work;GNO;0.35714254;0;1270,169355;72;5.5;6.0;6.0;6.5;8.0;6.0;4.0;6;1;11/05/2022
71;Poof_work;GNO;0.35714258;0;1267,645161;73;5.5;6.0;6.0;6.5;8.0;6.0;4.0;6;1;12/05/2022
72;Poof_Staking;ADA;0.35714262;0;1265,120968;74;5.5;6.0;6.0;6.5;8.0;6.0;4.0;6;1;13/05/2022
73;Poof_Staking;AVAX;0.35714266;0;1262,596774;75;5.5;6.0;6.0;6.5;8.0;6.0;4.0;6;1;14/05/2022
74;Poof_Staking;DOT;0.35714270;0;1260,072581;76;5.5;6.0;6.0;6.5;8.0;6.0;4.0;6;1;15/05/2022
75;Poof_Staking;MATIC;0.35714274;0;1257,548387;77;5.5;6.0;6.0;6.5;8.0;6.0;4.0;6;1;16/05/2022
76;Poof_Staking;CRO;0.35714278;0;1255,024194;78;5.5;6.0;6.0;6.5;8.0;6.0;4.0;6;1;17/05/2022
77;Poof_Staking;NEAR;0.35714282;0;1252,5;79;5.5;6.0;6.0;6.5;8.0;6.0;4.0;6;1;18/05/2022
78;Poof_Staking;TRX;0.35714286;0;1249,975806;80;5.5;6.0;6.0;6.5;8.0;6.0;4.0;6;1;19/05/2022
79;Poof_Staking;ATOM;0.153846153846154;0;1247,451613;81;6.0;7.3;6.0;8.2;8.2;5.0;7.5;6.9;1;20/05/2022
80;Poof_Staking;ALGO;0.153846153846152;0;1244,927419;82;6.0;7.3;6.0;8.2;8.2;5.0;7.5;6.9;1;21/05/2022
81;Poof_Staking;EGLD;0.153846153846154;0;1242,403226;83;6.0;7.3;6.0;8.2;8.2;5.0;7.5;6.9;1;22/05/2022
82;Poof_Staking;THETA;0.153846153846152;0;1239,879032;84;6.0;7.3;6.0;8.2;8.2;5.0;7.5;6.9;1;23/05/2022
350;Poof_Staking;CAKE;0.153846153846154;0;1237,354839;85;6.0;7.3;6.0;8.2;8.2;5.0;7.5;6.9;1;24/05/2022
83;Poof_Staking;FTM;0.153846153846152;0;1234,830645;86;6.0;7.3;6.0;8.2;8.2;5.0;7.5;6.9;1;25/05/2022
84;Poof_Staking;XTZ;0.153846153846154;0;1232,306452;87;6.0;7.3;6.0;8.2;8.2;5.0;7.5;6.9;1;26/05/2022
85;Poof_Staking;RUNE;0.153846153846152;0;1229,782258;88;6.0;7.3;6.0;8.2;8.2;5.0;7.5;6.9;1;27/05/2022
86;Poof_Staking;FLOW;0.153846153846154;0;1227,258065;89;6.0;7.3;6.0;8.2;8.2;5.0;7.5;6.9;1;28/05/2022
87;Poof_Staking;WAVES;0.153846153846152;0;1224,733871;90;6.0;7.3;6.0;8.2;8.2;5.0;7.5;6.9;1;29/05/2022
88;Poof_Staking;AVAX;0.153846153846154;0;1222,209677;91;6.0;7.3;6.0;8.2;8.2;5.0;7.5;6.9;1;30/05/2022
89;Poof_Staking;MATIC;0.153846153846152;0;1219,685484;92;6.0;7.3;6.0;8.2;8.2;5.0;7.5;6.9;1;31/05/2022
90;Poof_Staking;CRO;0.153846153846154;0;1217,16129;93;6.0;7.3;6.0;8.2;8.2;5.0;7.5;6.9;1;01/06/2022
91;Poof_Staking;NEAR;0.916666666666665;0;600;94;7.0;7.5;7.0;7.5;7.5;6.5;7.0;7.2;1;02/06/2022
92;Poof_Staking;TRX;0.916666666666667;0;600;95;7.0;7.5;7.0;7.5;7.5;6.5;7.0;7.2;1;03/06/2022
93;Poof_Staking;ATOM;0.916666666666665;0;600;96;7.0;7.5;7.0;7.5;7.5;6.5;7.0;7.2;1;04/06/2022
94;Poof_Staking;ALGO;0.916666666666667;0;600;97;7.0;7.5;7.0;7.5;7.5;6.5;7.0;7.2;1;05/06/2022
95;Poof_Staking;EGLD;0.916666666666665;0;600;98;7.0;7.5;7.0;7.5;7.5;6.5;7.0;7.2;1;06/06/2022
96;Poof_Staking;FTM;0.916666666666667;0;600;99;7.0;7.5;7.0;7.5;7.5;6.5;7.0;7.2;1;07/06/2022
97;Poof_Staking;XTZ;0.916666666666665;0;600;100;7.0;7.5;7.0;7.5;7.5;6.5;7.0;7.2;1;08/06/2022
98;Poof_Staking;NEAR;0.916666666666667;0;600;101;7.0;7.5;7.0;7.5;7.5;6.5;7.0;7.2;1;09/06/2022
99;Poof_Staking;NEAR;0.916666666666665;0;600;102;7.0;7.5;7.0;7.5;7.5;6.5;7.0;7.2;1;10/06/2022
351;Poof_Staking;TRX;0.916666666666667;0;600;103;7.0;7.5;7.0;7.5;7.5;6.5;7.0;7.2;1;11/06/2022
100;Poof_Staking;EGLD;0.916666666666665;0;600;104;7.0;7.5;7.0;7.5;7.5;6.5;7.0;7.2;1;12/06/2022
352;Poof_Staking;FTM;0.916666666666667;0;600;105;7.0;7.5;7.0;7.5;7.5;6.5;7.0;7.2;1;13/06/2022
101;Poof_Staking;EGLD;0.636363636363636;0;1184,346774;106;8.0;7.0;6.6;7.0;8.0;5.0;7.0;7;1;14/06/2022
102;Poof_Staking;FTM;0.635314336363631;0;1181,822581;107;8.0;7.0;6.6;7.0;8.0;5.0;7.0;7;1;15/06/2022
103;Poof_Staking;EGLD;0.636363636363636;0;1179,298387;108;8.0;7.0;6.6;7.0;8.0;5.0;7.0;7;1;16/06/2022
104;Poof_Staking;FTM;0.635314336363631;0;1176,774194;109;8.0;7.0;6.6;7.0;8.0;5.0;7.0;7;1;17/06/2022
353;Poof_Staking;EGLD;0.636363636363636;0;1174,25;110;8.0;7.0;6.6;7.0;8.0;5.0;7.0;7;1;18/06/2022
105;Poof_Staking;THETA;0.635314336363631;0;1171,725806;111;8.0;7.0;6.6;7.0;8.0;5.0;7.0;7;1;19/06/2022
106;Poof_Staking;CAKE;0.636363636363636;0;1169,201613;112;8.0;7.0;6.6;7.0;8.0;5.0;7.0;7;1;20/06/2022
107;Poof_Staking;FTM;0.635314336363631;0;1166,677419;113;8.0;7.0;6.6;7.0;8.0;5.0;7.0;7;1;21/06/2022
108;Poof_Staking;XTZ;0.636363636363636;0;1164,153226;114;8.0;7.0;6.6;7.0;8.0;5.0;7.0;7;1;22/06/2022
109;Poof_Staking;RUNE;0.635314336363631;0;1161,629032;115;8.0;7.0;6.6;7.0;8.0;5.0;7.0;7;1;23/06/2022
110;Poof_Staking;FLOW;0.636363636363636;0;1159,104839;116;8.0;7.0;6.6;7.0;8.0;5.0;7.0;7;1;24/06/2022
111;Poof_Staking;WAVES;0.165;0;1156,580645;117;6.5;6.9;6.0;7.5;8.0;6.0;7.0;6.9;1;25/06/2022
112;Poof_Staking;FTM;0.113;0;1154,056452;118;6.5;6.9;6.0;7.5;8.0;6.0;7.0;6.9;1;26/06/2022
113;Poof_Staking;XTZ;0.61;0;1151,532258;119;6.5;6.9;6.0;7.5;8.0;6.0;7.0;6.9;1;27/06/2022
114;Poof_Staking;RUNE;0.9;0;1149,008065;120;6.5;6.9;6.0;7.5;8.0;6.0;7.0;6.9;1;28/06/2022
115;Poof_Staking;WAVES;0.43;0;1146,483871;121;6.5;6.9;6.0;7.5;8.0;6.0;7.0;6.9;1;29/06/2022
116;Poof_Staking;FTM;0.95;0;1143,959677;122;6.5;6.9;6.0;7.5;8.0;6.0;7.0;6.9;1;30/06/2022
117;Poof_Staking;XTZ;0.147;0;1141,435484;123;6.5;6.9;6.0;7.5;8.0;6.0;7.0;6.9;1;01/07/2022
118;Poof_Staking;RUNE;0.199;0;1138,91129;124;6.5;6.9;6.0;7.5;8.0;6.0;7.0;6.9;1;02/07/2022
119;Poof_Staking;WAVES;0.195;0;1136,387097;125;6.5;6.9;6.0;7.5;8.0;6.0;7.0;6.9;1;03/07/2022
120;Poof_Staking;WAVES;0.21;0;1133,862903;126;6.5;6.9;6.0;7.5;8.0;6.0;7.0;6.9;1;04/07/2022
121;Hybrid;GALA;0.755777777777778;0;1131,33871;127;7.5;8.0;7.5;8.0;7.5;7.0;7.0;7.5;1;05/07/2022
122;Hybrid;LRC;0.7674577777354;0;1128,814516;128;7.5;8.0;7.5;8.0;7.5;7.0;7.0;7.5;1;06/07/2022
123;Hybrid;PAXG;0.777777777777778;0;1126,290323;129;7.5;8.0;7.5;8.0;7.5;7.0;7.0;7.5;1;07/07/2022
354;Hybrid;ZIL;0.755777777777778;0;1123,766129;130;7.5;8.0;7.5;8.0;7.5;7.0;7.0;7.5;1;08/07/2022
124;Hybrid;GALA;0.7674577777354;0;1121,241935;131;7.5;8.0;7.5;8.0;7.5;7.0;7.0;7.5;1;09/07/2022
355;Hybrid;LRC;0.777777777777778;0;1118,717742;132;7.5;8.0;7.5;8.0;7.5;7.0;7.0;7.5;1;10/07/2022
125;Hybrid;PAXG;0.755777777777778;0;1116,193548;133;7.5;8.0;7.5;8.0;7.5;7.0;7.0;7.5;1;11/07/2022
126;Hybrid;SYS;0.7674577777354;0;1113,669355;134;7.5;8.0;7.5;8.0;7.5;7.0;7.0;7.5;1;12/07/2022
127;Hybrid;GALA;0.777777777777778;0;1111,145161;135;7.5;8.0;7.5;8.0;7.5;7.0;7.0;7.5;1;13/07/2022
128;Hybrid;LRC;0.488126611529245;0;1108,620968;136;7.0;6.5;6.0;8.0;6.5;8.0;8.0;7.2;1;14/07/2022
129;Hybrid;PAXG;0.473395655729373;0;1106,096774;137;7.0;6.5;6.0;8.0;6.5;8.0;8.0;7.2;1;15/07/2022
356;Hybrid;SYS;0.486384521206871;0;1103,572581;138;7.0;6.5;6.0;8.0;6.5;8.0;8.0;7.2;1;16/07/2022
130;Hybrid;PAXG;0.417254520286067;0;1101,048387;139;7.0;6.5;6.0;8.0;6.5;8.0;8.0;7.2;1;17/07/2022
131;Hybrid;DCR;0.473230460789174;0;1098,524194;140;7.0;6.5;6.0;8.0;6.5;8.0;8.0;7.2;1;18/07/2022
132;Hybrid;PAXG;0.5;0;1098,524194;141;7.0;6.5;6.0;8.0;6.5;8.0;8.0;7.2;1;19/07/2022
133;Hybrid;SYS;0.488512588593696;0;1096;142;7.0;6.5;6.0;8.0;6.5;8.0;8.0;7.2;1;20/07/2022
134;Hybrid;PAXG;0.513985662786209;0;1096;143;7.0;6.5;6.0;8.0;6.5;8.0;8.0;7.2;1;21/07/2022
135;Hybrid;SYS;0.498923447750056;0;1093,475806;144;6.5;8.3;5.7;8.0;7.5;6.5;7.0;7.1;1;22/07/2022
136;Hybrid;SYS;0.51513649747469;0;1093,475806;145;6.5;8.3;5.7;8.0;7.5;6.5;7.0;7.1;1;23/07/2022
137;Poof_work;BTC;0.461461777482648;0;1090,951613;146;6.5;8.3;5.7;8.0;7.5;6.5;7.0;7.1;1;24/07/2022
138;Poof_work;BTC;0.503091579169005;0;1090,951613;147;6.5;8.3;5.7;8.0;7.5;6.5;7.0;7.1;1;25/07/2022
139;Poof_work;BTC;0.5;0;1088,427419;148;6.5;8.3;5.7;8.0;7.5;6.5;7.0;7.1;1;26/07/2022
140;Poof_work;BTC;0.552547281869759;0;1088,427419;149;6.5;8.3;5.7;8.0;7.5;6.5;7.0;7.1;1;27/07/2022
141;Poof_work;BTC;0.472074626570207;0;1085,903226;150;6.5;8.3;5.7;8.0;7.5;6.5;7.0;7.1;1;28/07/2022
142;Poof_work;BTC;0.5152014157252;0;1085,903226;151;7.0;7.5;8.0;7.5;8.0;7.0;7.0;7.5;1;29/07/2022
143;Poof_work;BTC;0.513454291874093;0;1083,379032;152;7.0;7.5;8.0;7.5;8.0;7.0;7.0;7.5;1;30/07/2022
144;Poof_work;BTC;0.485179524584447;0;1083,379032;153;7.0;7.5;8.0;7.5;8.0;7.0;7.0;7.5;1;31/07/2022
145;Poof_work;BTC;0.503092636139464;0;1080,854839;154;7.0;7.5;8.0;7.5;8.0;7.0;7.0;7.5;1;01/08/2022
146;Poof_work;BTC;0.565369058615;0;1080,854839;155;7.0;7.5;8.0;7.5;8.0;7.0;7.0;7.5;1;02/08/2022
147;Poof_work;BTC;0.501039580167333;0;1078,330645;156;7.0;7.5;8.0;7.5;8.0;7.0;7.0;7.5;1;03/08/2022
148;Poof_work;BTC;0.290386818240096;0;1078,330645;157;8.5;7.5;7.5;7.5;7.5;6.0;7.0;7.4;1;04/08/2022
149;Poof_work;BTC;0.239912536028525;0;1075,806452;158;8.5;7.5;7.5;7.5;7.5;6.0;7.0;7.4;1;05/08/2022
150;Poof_work;BTC;0.290386818240096;0;1075,806452;159;8.5;7.5;7.5;7.5;7.5;6.0;7.0;7.4;1;06/08/2022
151;Poof_work;ETH;0.239912536028525;0;1073,282258;160;8.5;7.5;7.5;7.5;7.5;6.0;7.0;7.4;1;07/08/2022
152;Poof_work;ETH;0.290386818240096;0;1073,282258;161;8.5;7.5;7.5;7.5;7.5;6.0;7.0;7.4;1;08/08/2022
153;Poof_work;ETH;0.1001455;0;1070,758065;162;8.0;9.0;7.5;9.0;6.5;7.0;6.0;7.6;1;09/08/2022
154;Poof_work;ETH;0.104587;0;1070,758065;163;8.0;9.0;7.5;9.0;6.5;7.0;6.0;7.6;1;10/08/2022
155;Poof_work;ETH;0.192281;0;1068,233871;164;8.0;9.0;7.5;9.0;6.5;7.0;6.0;7.6;1;11/08/2022
156;Poof_work;ETH;0.513951870657714;0;1068,233871;165;9.5;8.0;8.4;7.0;7.0;5.0;6.0;7.3;1;12/08/2022
157;Poof_work;ETH;0.528879959105095;0;1065,709677;166;9.5;8.0;8.4;7.0;7.0;5.0;6.0;7.3;1;13/08/2022
158;Poof_work;ETH;0.043;0;1065,709677;167;7.0;7.7;5.3;7.5;7.5;6.5;6.8;6.9;1;14/08/2022
159;Poof_work;ETH;0.534645262387396;0;1063,185484;168;7.5;7.5;7.3;8.0;8.0;7.5;7.0;7.6;1;15/08/2022
160;Poof_work;ETH;0.513950003614918;0;1063,185484;169;7.5;7.5;7.3;8.0;8.0;7.5;7.0;7.6;1;16/08/2022
161;Poof_work;ETH;0.51358342902716;0;1060,66129;170;7.5;7.5;7.3;8.0;8.0;7.5;7.0;7.6;1;17/08/2022
162;Poof_work;ETH;0.553039714736411;0;1060,66129;171;7.5;7.5;7.3;8.0;8.0;7.5;7.0;7.6;1;18/08/2022
163;Poof_work;ETH;0.543294704549533;0;1058,137097;172;7.5;7.5;7.3;8.0;8.0;7.5;7.0;7.6;1;19/08/2022
164;Poof_work;DOGE;0.451231475493747;0;1058,137097;173;7.5;7.5;7.3;8.0;8.0;7.5;7.0;7.6;1;20/08/2022
165;Poof_work;DOGE;0.5;0;1055,612903;174;7.5;7.5;7.3;8.0;8.0;7.5;7.0;7.6;1;21/08/2022
357;Poof_work;DOGE;0.529537139453158;0;1055,612903;175;7.5;7.5;7.3;8.0;8.0;7.5;7.0;7.6;1;22/08/2022
358;Poof_work;DOGE;0.428237546168626;0;1053,08871;176;7.5;7.5;7.3;8.0;8.0;7.5;7.0;7.6;1;23/08/2022
166;Poof_work;DOGE;0.487243218922298;0;1053,08871;177;7.5;7.5;7.3;8.0;8.0;7.5;7.0;7.6;1;24/08/2022
167;Poof_work;DOGE;0.471172270551185;0;1050,564516;178;7.5;7.5;7.3;8.0;8.0;7.5;7.0;7.6;1;25/08/2022
168;Poof_work;DOGE;0.50860569285012;0;1050,564516;179;7.5;7.5;7.3;8.0;8.0;7.5;7.0;7.6;1;26/08/2022
169;Poof_work;DOGE;0.514764276716253;0;1048,040323;180;7.5;7.5;7.3;8.0;8.0;7.5;7.0;7.6;1;27/08/2022
170;Poof_work;DOGE;0.502255592204047;0;1048,040323;181;7.5;7.5;7.3;8.0;8.0;7.5;7.0;7.6;1;28/08/2022
171;Poof_work;DOGE;0.486381184423646;0;1045,516129;182;7.5;7.5;7.3;8.0;8.0;7.5;7.0;7.6;1;29/08/2022
172;Poof_work;SHIB;0.417951361479893;0;1045,516129;183;7.5;7.5;7.3;8.0;8.0;7.5;7.0;7.6;1;30/08/2022
173;Poof_work;SHIB;0.474616719812991;0;1042,991935;184;7.5;7.5;7.3;8.0;8.0;7.5;7.0;7.6;1;31/08/2022
174;Poof_work;SHIB;0.532881224800069;0;1042,991935;185;7.5;7.5;7.3;8.0;8.0;7.5;7.0;7.6;1;01/09/2022
175;Poof_work;SHIB;0.482984321037683;0;1040,467742;186;7.5;7.5;7.3;8.0;8.0;7.5;7.0;7.6;1;02/09/2022
176;Poof_work;SHIB;0.0001;0;1040,467742;187;8.0;8.0;7.0;7.5;7.5;8.0;7.0;7.6;1;03/09/2022
177;Poof_work;LTC;0.00015;0;1037,943548;188;8.0;8.0;7.0;7.5;7.5;8.0;7.0;7.6;1;04/09/2022
178;Poof_work;LTC;0.00029;0;1037,943548;189;8.0;8.0;7.0;7.5;7.5;8.0;7.0;7.6;1;05/09/2022
179;Poof_work;LTC;0.00043;0;1035,419355;190;8.0;8.0;7.0;7.5;7.5;8.0;7.0;7.6;1;06/09/2022
180;Poof_work;LTC;0.00057;0;1035,419355;191;8.0;8.0;7.0;7.5;7.5;8.0;7.0;7.6;1;07/09/2022
181;Poof_work;LTC;0.00071;0;1032,895161;192;8.0;8.0;7.0;7.5;7.5;8.0;7.0;7.6;1;08/09/2022
182;Poof_work;BCH;0.00085;0;1032,895161;193;8.0;8.0;7.0;7.5;7.5;8.0;7.0;7.6;1;09/09/2022
183;Poof_work;BCH;0.00099;0;1030,370968;194;8.0;8.0;7.0;7.5;7.5;8.0;7.0;7.6;1;10/09/2022
184;Poof_work;LEO;0.00113;0;1030,370968;195;8.0;8.0;7.0;7.5;7.5;8.0;7.0;7.6;1;11/09/2022
185;Poof_work;LEO;0.00127;0;1027,846774;196;8.0;8.0;7.0;7.5;7.5;8.0;7.0;7.6;1;12/09/2022
186;Poof_work;LEO;0.00141;0;1027,846774;197;8.0;8.0;7.0;7.5;7.5;8.0;7.0;7.6;1;13/09/2022
187;Poof_work;LEO;0.00155;0;1025,322581;198;8.0;8.0;7.0;7.5;7.5;8.0;7.0;7.6;1;14/09/2022
188;Poof_work;LEO;0.00169;0;1022,798387;199;8.0;8.0;7.0;7.5;7.5;8.0;7.0;7.6;1;15/09/2022
189;Poof_work;LEO;0.00183;0;1020,274194;200;8.0;8.0;7.0;7.5;7.5;8.0;7.0;7.6;1;16/09/2022
190;Poof_work;LEO;0.00197;0;1017,75;201;8.0;8.0;7.0;7.5;7.5;8.0;7.0;7.6;1;17/09/2022
191;Poof_work;LEO;0.00211;0;1015,225806;202;8.0;8.0;7.0;7.5;7.5;8.0;7.0;7.6;1;18/09/2022
192;Poof_work;LEO;0.00225;0;1012,701613;203;8.0;8.0;7.0;7.5;7.5;8.0;7.0;7.6;1;19/09/2022
193;Poof_work;LEO;0.00239;0;1010,177419;204;8.0;8.0;7.0;7.5;7.5;8.0;7.0;7.6;1;20/09/2022
359;Poof_work;LEO;0.485666439922804;0;1007,653226;205;5.8;6.5;5.5;6.5;8.0;6.0;4.0;6.1;1;21/09/2022
194;Poof_work;XMR;0.485612815834001;0;1005,129032;206;5.8;6.5;5.5;6.5;8.0;6.0;4.0;6.1;1;22/09/2022
195;Poof_work;XMR;0.525999770548975;0;1002,604839;207;5.8;6.5;5.5;6.5;8.0;6.0;4.0;6.1;1;23/09/2022
196;Poof_work;XMR;0.475626293644098;0;1000,080645;208;5.8;6.5;5.5;6.5;8.0;6.0;4.0;6.1;1;24/09/2022
197;Poof_work;XMR;0.514387184165999;0;997,5564516;209;5.8;6.5;5.5;6.5;8.0;6.0;4.0;6.1;1;25/09/2022
198;Poof_work;XMR;0.507809410686658;0;995,0322581;210;5.8;6.5;5.5;6.5;8.0;6.0;4.0;6.1;1;26/09/2022
199;Poof_work;XMR;0.556280247194827;0;992,5080645;211;5.8;6.5;5.5;6.5;8.0;6.0;4.0;6.1;1;27/09/2022
360;Poof_work;XMR;0.505193073784535;0;989,983871;212;5.8;6.5;5.5;6.5;8.0;6.0;4.0;6.1;1;28/09/2022
200;Poof_work;ETC;0.514934326112522;0;987,4596774;213;5.8;6.5;5.5;6.5;8.0;6.0;4.0;6.1;1;29/09/2022
201;Poof_work;ETC;0.526969349396882;0;984,9354839;214;5.8;6.5;5.5;6.5;8.0;6.0;4.0;6.1;1;30/09/2022
202;Poof_work;MANA;0.473287590102689;0;982,4112903;215;5.8;6.5;5.5;6.5;8.0;6.0;4.0;6.1;1;01/10/2022
203;Poof_work;MANA;0.469487190908066;0;979,8870968;216;5.8;6.5;5.5;6.5;8.0;6.0;4.0;6.1;1;02/10/2022
204;Poof_work;MANA;0.44918834062534;0;977,3629032;217;5.8;6.5;5.5;6.5;8.0;6.0;4.0;6.1;1;03/10/2022
205;Poof_work;MANA;0.542448380574493;0;974,8387097;218;5.8;6.5;5.5;6.5;8.0;6.0;4.0;6.1;1;04/10/2022
206;Poof_work;MANA;0.500667549123643;0;972,3145161;219;5.8;6.5;5.5;6.5;8.0;6.0;4.0;6.1;1;05/10/2022
207;Poof_work;MANA;0.512050682098133;0;969,7903226;220;5.8;6.5;5.5;6.5;8.0;6.0;4.0;6.1;1;06/10/2022
208;Poof_work;MANA;0.525956495324458;0;967,266129;221;5.8;6.5;5.5;6.5;8.0;6.0;4.0;6.1;1;07/10/2022
209;Poof_work;AXS;0.914252110401277;0;964,7419355;222;7.2;8.5;7.5;8.0;8.0;8.0;8.0;7.9;1;08/10/2022
210;Poof_work;AXS;0.947787459051486;0;962,2177419;223;7.2;8.5;7.5;8.0;8.0;8.0;8.0;7.9;1;09/10/2022
211;Poof_work;AXS;0.985225899510722;0;959,6935484;224;7.2;8.5;7.5;8.0;8.0;8.0;8.0;7.9;1;10/10/2022
212;Poof_work;AXS;0.914252110401277;0;957,1693548;225;7.2;8.5;7.5;8.0;8.0;8.0;8.0;7.9;1;11/10/2022
213;Poof_work;AXS;0.947787459051486;0;954,6451613;226;7.2;8.5;7.5;8.0;8.0;8.0;8.0;7.9;1;12/10/2022
214;Poof_work;AXS;0.985225899510722;0;952,1209677;227;7.2;8.5;7.5;8.0;8.0;8.0;8.0;7.9;1;13/10/2022
215;Poof_work;AXS;0.914252110401277;0;949,5967742;228;7.2;8.5;7.5;8.0;8.0;8.0;8.0;7.9;1;14/10/2022
216;Poof_work;AXS;0.947787459051486;0;947,0725806;229;7.2;8.5;7.5;8.0;8.0;8.0;8.0;7.9;1;15/10/2022
217;Poof_work;ZEC;0.985225899510722;0;944,5483871;230;7.2;8.5;7.5;8.0;8.0;8.0;8.0;7.9;1;16/10/2022
218;Poof_work;ZEC;0.914252110401277;0;942,0241935;231;7.2;8.5;7.5;8.0;8.0;8.0;8.0;7.9;1;17/10/2022
219;Poof_work;ZEC;0.947787459051486;0;939,5;232;7.2;8.5;7.5;8.0;8.0;8.0;8.0;7.9;1;18/10/2022
220;Poof_work;KCS;0.985225899510722;0;936,9758065;233;7.2;8.5;7.5;8.0;8.0;8.0;8.0;7.9;1;19/10/2022
221;Poof_work;KCS;0.914252110401277;0;934,4516129;234;7.2;8.5;7.5;8.0;8.0;8.0;8.0;7.9;1;20/10/2022
222;Poof_work;KCS;0.947787459051486;0;931,9274194;235;7.2;8.5;7.5;8.0;8.0;8.0;8.0;7.9;1;21/10/2022
223;Poof_work;KCS;0.985225899510722;0;929,4032258;236;7.2;8.5;7.5;8.0;8.0;8.0;8.0;7.9;1;22/10/2022
224;Poof_work;KCS;0.914252110401277;0;926,8790323;237;7.2;8.5;7.5;8.0;8.0;8.0;8.0;7.9;1;23/10/2022
225;Poof_work;BSV;0.747641177875683;0;924,3548387;238;7.5;8.0;7.5;8.0;7.5;7.0;7.0;7.5;1;24/10/2022
226;Poof_work;KDA;0.700414096352708;0;921,8306452;239;7.5;8.0;7.5;8.0;7.5;7.0;7.0;7.5;1;25/10/2022
227;Poof_Staking;SOL;0.747641177875683;0;919,3064516;240;7.5;8.0;7.5;8.0;7.5;7.0;7.0;7.5;1;26/10/2022
228;Poof_Staking;SOL;0.700414096352708;0;916,7822581;241;7.5;8.0;7.5;8.0;7.5;7.0;7.0;7.5;1;27/10/2022
229;Poof_Staking;SOL;0.747641177875683;0;914,2580645;242;7.5;8.0;7.5;8.0;7.5;7.0;7.0;7.5;1;28/10/2022
230;Poof_Staking;SOL;0.700414096352708;0;911,733871;243;7.5;8.0;7.5;8.0;7.5;7.0;7.0;7.5;1;29/10/2022
231;Poof_Staking;SOL;0.747641177875683;0;909,2096774;244;7.5;8.0;7.5;8.0;7.5;7.0;7.0;7.5;1;30/10/2022
232;Poof_Staking;SOL;0.700414096352708;0;906,6854839;245;7.5;8.0;7.5;8.0;7.5;7.0;7.0;7.5;1;31/10/2022
233;Poof_Staking;SOL;0.747641177875683;0;904,1612903;246;7.5;8.0;7.5;8.0;7.5;7.0;7.0;7.5;1;01/11/2022
234;Poof_Staking;SOL;0.700414096352708;0;901,6370968;247;7.5;8.0;7.5;8.0;7.5;7.0;7.0;7.5;1;02/11/2022
235;Poof_Staking;SOL;0.747641177875683;0;899,1129032;248;7.5;8.0;7.5;8.0;7.5;7.0;7.0;7.5;1;03/11/2022
236;Poof_Staking;SOL;0.700414096352708;0;896,5887097;249;7.5;8.0;7.5;8.0;7.5;7.0;7.0;7.5;1;04/11/2022
237;Poof_Staking;SOL;0.747641177875683;0;894,0645161;250;7.5;8.0;7.5;8.0;7.5;7.0;7.0;7.5;1;05/11/2022
238;Poof_Staking;SOL;0.700414096352708;0;891,5403226;251;7.5;8.0;7.5;8.0;7.5;7.0;7.0;7.5;1;06/11/2022
239;Poof_Staking;SOL;0.573483455994614;0;889,016129;252;7.5;7.0;7.0;7.0;8.0;7.0;7.0;7.3;1;07/11/2022
240;Poof_Staking;SOL;0.515672902690232;0;886,4919355;253;7.5;7.0;7.0;7.0;8.0;7.0;7.0;7.3;1;08/11/2022
241;Poof_Staking;SOL;0.423435090018471;0;883,9677419;254;7.5;7.0;7.0;7.0;8.0;7.0;7.0;7.3;1;09/11/2022
242;Poof_Staking;SOL;0.441997435328505;0;881,4435484;255;7.5;7.0;7.0;7.0;8.0;7.0;7.0;7.3;1;10/11/2022
243;Poof_Staking;SOL;0.496575262671152;0;878,9193548;256;7.5;7.0;7.0;7.0;8.0;7.0;7.0;7.3;1;11/11/2022
244;Poof_Staking;SOL;0.499988081348892;0;876,3951613;257;7.5;7.0;7.0;7.0;8.0;7.0;7.0;7.3;1;12/11/2022
245;Poof_Staking;SOL;0.472636817482082;0;873,8709677;258;7.5;7.0;7.0;7.0;8.0;7.0;7.0;7.3;1;13/11/2022
246;Poof_Staking;LUNA;0.410517539817168;0;871,3467742;259;7.5;7.0;7.0;7.0;8.0;7.0;7.0;7.3;1;14/11/2022
247;Poof_Staking;ADA;0.527228067210916;0;868,8225806;260;7.5;7.0;7.0;7.0;8.0;7.0;7.0;7.3;1;15/11/2022
248;Poof_Staking;ADA;0.499976876384453;0;866,2983871;261;7.5;7.0;7.0;7.0;8.0;7.0;7.0;7.3;1;16/11/2022
249;Poof_Staking;ADA;0.471248203013644;0;863,7741935;262;7.5;7.0;7.0;7.0;8.0;7.0;7.0;7.3;1;17/11/2022
250;Poof_Staking;ADA;0.526083773074741;0;861,25;263;7.5;7.0;7.0;7.0;8.0;7.0;7.0;7.3;1;18/11/2022
251;Poof_Staking;ADA;0.891745859517449;0;858,7258065;264;7.0;7.5;7.0;7.5;7.5;6.5;7.0;7.2;1;19/11/2022
252;Poof_Staking;ADA;0.811256231248801;0;856,2016129;265;7.0;7.5;7.0;7.5;7.5;6.5;7.0;7.2;1;20/11/2022
253;Poof_Staking;ADA;0.827582734892114;0;853,6774194;266;7.0;7.5;7.0;7.5;7.5;6.5;7.0;7.2;1;21/11/2022
254;Poof_Staking;AVAX;0.891745859517449;0;851,1532258;267;7.0;7.5;7.0;7.5;7.5;6.5;7.0;7.2;1;22/11/2022
255;Poof_Staking;AVAX;0.811256231248801;0;848,6290323;268;7.0;7.5;7.0;7.5;7.5;6.5;7.0;7.2;1;23/11/2022
256;Poof_Staking;AVAX;0.827582734892114;0;846,1048387;269;7.0;7.5;7.0;7.5;7.5;6.5;7.0;7.2;1;24/11/2022
257;Poof_Staking;AVAX;0.891745859517449;0;843,5806452;270;7.0;7.5;7.0;7.5;7.5;6.5;7.0;7.2;1;25/11/2022
258;Poof_Staking;AVAX;0.811256231248801;0;841,0564516;271;7.0;7.5;7.0;7.5;7.5;6.5;7.0;7.2;1;26/11/2022
259;Poof_Staking;AVAX;0.827582734892114;0;838,5322581;272;7.0;7.5;7.0;7.5;7.5;6.5;7.0;7.2;1;27/11/2022
260;Poof_Staking;AVAX;0.891745859517449;0;836,0080645;273;7.0;7.5;7.0;7.5;7.5;6.5;7.0;7.2;1;28/11/2022
261;Poof_Staking;AVAX;0.811256231248801;0;833,483871;274;7.0;7.5;7.0;7.5;7.5;6.5;7.0;7.2;1;29/11/2022
262;Poof_Staking;AVAX;0.802520686726953;0;830,9596774;275;7.0;7.5;7.0;7.5;7.5;6.5;7.0;7.2;1;30/11/2022
263;Poof_Staking;AVAX;0.884825928532164;0;828,4354839;276;7.0;7.5;7.0;7.5;7.5;6.5;7.0;7.2;1;01/12/2022
264;Poof_Staking;AVAX;0.802520686726953;0;825,9112903;277;7.0;7.5;7.0;7.5;7.5;6.5;7.0;7.2;1;02/12/2022
265;Poof_Staking;AVAX;0.884825928532164;0;823,3870968;278;7.0;7.5;7.0;7.5;7.5;6.5;7.0;7.2;1;03/12/2022
266;Poof_Staking;AVAX;0.802520686726953;0;820,8629032;279;7.0;7.5;7.0;7.5;7.5;6.5;7.0;7.2;1;04/12/2022
267;Poof_Staking;AVAX;0.884825928532164;0;818,3387097;280;7.0;7.5;7.0;7.5;7.5;6.5;7.0;7.2;1;05/12/2022
268;Poof_Staking;AVAX;0.802520686726953;0;815,8145161;281;7.0;7.5;7.0;7.5;7.5;6.5;7.0;7.2;1;06/12/2022
269;Poof_Staking;MATIC;0.884825928532164;0;813,2903226;282;7.0;7.5;7.0;7.5;7.5;6.5;7.0;7.2;1;07/12/2022
270;Poof_Staking;MATIC;0.802520686726953;0;810,766129;283;7.0;7.5;7.0;7.5;7.5;6.5;7.0;7.2;1;08/12/2022
271;Poof_Staking;MATIC;0.884825928532164;0;808,2419355;284;7.0;7.5;7.0;7.5;7.5;6.5;7.0;7.2;1;09/12/2022
272;Poof_Staking;MATIC;0.72911374161005;0;805,7177419;285;6.7;7.6;7.0;8.3;7.0;4.7;7.0;6.9;1;10/12/2022
273;Poof_Staking;MATIC;0.784961003311409;0;803,1935484;286;6.7;7.6;7.0;8.3;7.0;4.7;7.0;6.9;1;11/12/2022
274;Poof_Staking;MATIC;0.72911374161005;0;800,6693548;287;6.7;7.6;7.0;8.3;7.0;4.7;7.0;6.9;1;12/12/2022
275;Poof_Staking;MATIC;0.784961003311409;0;798,1451613;288;6.7;7.6;7.0;8.3;7.0;4.7;7.0;6.9;1;13/12/2022
276;Poof_Staking;MATIC;0.72911374161005;0;795,6209677;289;6.7;7.6;7.0;8.3;7.0;4.7;7.0;6.9;1;14/12/2022
277;Poof_Staking;MATIC;0.784961003311409;0;793,0967742;290;6.7;7.6;7.0;8.3;7.0;4.7;7.0;6.9;1;15/12/2022
278;Poof_Staking;MATIC;0.72911374161005;0;790,5725806;291;6.7;7.6;7.0;8.3;7.0;4.7;7.0;6.9;1;16/12/2022
361;Poof_Staking;NEAR;0.784961003311409;0;788,0483871;292;6.7;7.6;7.0;8.3;7.0;4.7;7.0;6.9;1;17/12/2022
279;Poof_Staking;NEAR;0.72911374161005;0;785,5241935;293;6.7;7.6;7.0;8.3;7.0;4.7;7.0;6.9;1;18/12/2022
280;Poof_Staking;NEAR;0.262093086245205;0;783;294;5.0;7.5;6.0;8.5;5.0;4.0;6.0;6;1;19/12/2022
281;Poof_Staking;NEAR;0.235238529928252;0;780,4758065;295;5.0;7.5;6.0;8.5;5.0;4.0;6.0;6;1;20/12/2022
282;Poof_Staking;NEAR;0.120198835349159;0;777,9516129;296;5.0;7.5;6.0;8.5;5.0;4.0;6.0;6;1;21/12/2022
283;Poof_Staking;NEAR;0.262093086245205;0;775,4274194;297;5.0;7.5;6.0;8.5;5.0;4.0;6.0;6;1;22/12/2022
284;Poof_Staking;NEAR;0.235238529928252;0;772,9032258;298;5.0;7.5;6.0;8.5;5.0;4.0;6.0;6;1;23/12/2022
285;Poof_Staking;NEAR;0.120198835349159;0;770,3790323;299;5.0;7.5;6.0;8.5;5.0;4.0;6.0;6;1;24/12/2022
286;Poof_Staking;NEAR;0.112093086245205;0;767,8548387;300;5.0;7.5;6.0;8.5;5.0;4.0;6.0;6;1;25/12/2022
287;Poof_Staking;NEAR;0.1015238529928252;0;765,3306452;301;5.0;7.5;6.0;8.5;5.0;4.0;6.0;6;1;26/12/2022
288;Poof_Staking;NEAR;0.376152883875605;0;762,8064516;302;7.0;6.3;7.9;7.8;6.1;7.5;7.5;7.2;1;27/12/2022
362;Poof_Staking;NEAR;0.361470893518897;0;760,2822581;303;7.0;6.3;7.9;7.8;6.1;7.5;7.5;7.2;1;28/12/2022
289;Poof_Staking;TRX;0.376152883875605;0;757,7580645;304;7.0;6.3;7.9;7.8;6.1;7.5;7.5;7.2;1;29/12/2022
290;Poof_Staking;TRX;0.361470893518897;0;755,233871;305;7.0;6.3;7.9;7.8;6.1;7.5;7.5;7.2;1;30/12/2022
291;Poof_Staking;TRX;0.376152883875605;0;752,7096774;306;7.0;6.3;7.9;7.8;6.1;7.5;7.5;7.2;1;31/12/2022
292;Poof_Staking;TRX;0.361470893518897;0;750,1854839;307;7.0;6.3;7.9;7.8;6.1;7.5;7.5;7.2;1;01/01/2023
293;Poof_Staking;TRX;0.280697242148193;0;747,6612903;308;8.0;7.5;8.5;8.0;8.0;7.5;8.0;8;1;02/01/2023
294;Poof_Staking;TRX;0.202730890065168;0;745,1370968;309;8.0;7.5;8.5;8.0;8.0;7.5;8.0;8;1;03/01/2023
295;Poof_Staking;TRX;0.271696105344568;0;742,6129032;310;8.0;7.5;8.5;8.0;8.0;7.5;8.0;8;1;04/01/2023
296;Poof_Staking;TRX;0.280697242148193;0;740,0887097;311;8.0;7.5;8.5;8.0;8.0;7.5;8.0;8;1;05/01/2023
297;Poof_Staking;TRX;0.202730890065168;0;737,5645161;312;8.0;7.5;8.5;8.0;8.0;7.5;8.0;8;1;06/01/2023
298;Poof_Staking;TRX;0.615511352338064;0;735,0403226;313;6.5;7.5;6.0;7.5;8.0;8.0;5.0;7;1;07/01/2023
299;Poof_Staking;TRX;0.632951108649913;0;732,516129;314;6.5;7.5;6.0;7.5;8.0;8.0;5.0;7;1;08/01/2023
300;Poof_Staking;ATOM;0.615511352338064;0;729,9919355;315;6.5;7.5;6.0;7.5;8.0;8.0;5.0;7;1;09/01/2023
301;Poof_Staking;ATOM;0.632951108649913;0;727,4677419;316;6.5;7.5;6.0;7.5;8.0;8.0;5.0;7;1;10/01/2023
302;Poof_Staking;ATOM;0.691896660183124;0;724,9435484;317;7.3;7.0;6.5;7.0;8.0;7.0;6.5;7.1;1;11/01/2023
303;Poof_Staking;ATOM;0.702311263089676;0;722,4193548;318;7.3;7.0;6.5;7.0;8.0;7.0;6.5;7.1;1;12/01/2023
304;Poof_Staking;ATOM;0.793035779011194;0;719,8951613;319;7.3;7.0;6.5;7.0;8.0;7.0;6.5;7.1;1;13/01/2023
305;Poof_Staking;ATOM;0.540422642267893;0;717,3709677;320;7.5;7.0;6.8;7.0;7.2;6.0;7.8;7.1;1;14/01/2023
306;Poof_Staking;ATOM;0.470229351054668;0;714,8467742;321;7.5;7.0;6.8;7.0;7.2;6.0;7.8;7.1;1;15/01/2023
307;Poof_Staking;ATOM;0.721497188107407;0;712,3225806;322;8.0;7.0;8.0;8.0;8.0;6.5;6.0;7.4;1;16/01/2023
308;Poof_Staking;ALGO;0.643589161871274;0;709,7983871;323;6.0;7.5;8.0;9.0;7.0;6.0;6.5;7.2;1;17/01/2023
309;Poof_Staking;ALGO;0.680113610378506;0;707,2741935;324;6.0;7.5;8.0;9.0;7.0;6.0;6.5;7.2;1;18/01/2023
310;Poof_Staking;ALGO;0.614553819073833;0;704,75;325;6.0;7.5;8.0;9.0;7.0;6.0;6.5;7.2;1;19/01/2023
311;Poof_Staking;ALGO;0.643589161871274;0;702,2258065;326;6.0;7.5;8.0;9.0;7.0;6.0;6.5;7.2;1;20/01/2023
312;Poof_Staking;ALGO;0.680113610378506;0;699,7016129;327;6.0;7.5;8.0;9.0;7.0;6.0;6.5;7.2;1;21/01/2023
313;Poof_Staking;ALGO;0.614553819073833;0;697,1774194;328;6.0;7.5;8.0;9.0;7.0;6.0;6.5;7.2;1;22/01/2023
314;Poof_Staking;ALGO;0.643589161871274;0;694,6532258;329;6.0;7.5;8.0;9.0;7.0;6.0;6.5;7.2;1;23/01/2023
315;Poof_Staking;THETA;0.680113610378506;0;692,1290323;330;6.0;7.5;8.0;9.0;7.0;6.0;6.5;7.2;1;24/01/2023
316;Poof_Staking;THETA;0.614553819073833;0;689,6048387;331;6.0;7.5;8.0;9.0;7.0;6.0;6.5;7.2;1;25/01/2023
317;Poof_Staking;CAKE;0.366900543316086;0;687,0806452;332;8.0;7.5;8.5;8.0;8.0;7.5;8.0;8;1;26/01/2023
318;Poof_Staking;FTM;0.319602335629036;0;684,5564516;333;8.0;7.5;8.5;8.0;8.0;7.5;8.0;8;1;27/01/2023
319;Poof_Staking;FTM;0.314312124906589;0;682,0322581;334;8.0;7.5;8.5;8.0;8.0;7.5;8.0;8;1;28/01/2023
320;Poof_Staking;FTM;0.366900543316086;0;679,5080645;335;8.0;7.5;8.5;8.0;8.0;7.5;8.0;8;1;29/01/2023
321;Poof_Staking;FTM;0.319602335629036;0;676,983871;336;8.0;7.5;8.5;8.0;8.0;7.5;8.0;8;1;30/01/2023
322;Poof_Staking;XTZ;0.314312124906589;0;674,4596774;337;8.0;7.5;8.5;8.0;8.0;7.5;8.0;8;1;31/01/2023
323;Poof_Staking;XTZ;0.366900543316086;0;671,9354839;338;8.0;7.5;8.5;8.0;8.0;7.5;8.0;8;1;01/02/2023
324;Poof_Staking;XTZ;0.319602335629036;0;669,4112903;339;8.0;7.5;8.5;8.0;8.0;7.5;8.0;8;1;02/02/2023
325;Poof_Staking;RUNE;0.47407418869719;0;666,8870968;340;5.0;8.0;6.5;8.0;7.5;7.0;6.0;6.9;1;03/02/2023
326;Poof_Staking;WAVES;0.476910905732634;0;664,3629032;341;5.0;8.0;6.5;8.0;7.5;7.0;6.0;6.9;1;04/02/2023
327;Hybrid;FTT;0.415350566587899;0;661,8387097;342;5.0;8.0;6.5;8.0;7.5;7.0;6.0;6.9;1;05/02/2023
328;Hybrid;FTT;0.413597649154405;0;659,3145161;343;5.0;8.0;6.5;8.0;7.5;7.0;6.0;6.9;1;06/02/2023
329;Hybrid;FTT;0.476910905732634;0;656,7903226;344;5.0;8.0;6.5;8.0;7.5;7.0;6.0;6.9;1;07/02/2023
330;Hybrid;FTT;0.415350566587899;0;654,266129;345;5.0;8.0;6.5;8.0;7.5;7.0;6.0;6.9;1;08/02/2023
331;Hybrid;FTT;0.413597649154405;0;651,7419355;346;5.0;8.0;6.5;8.0;7.5;7.0;6.0;6.9;1;09/02/2023
332;Hybrid;FTT;0.915037012442111;0;649,2177419;347;9.0;7.0;8.0;6.8;6.5;6.0;5.8;7.1;1;10/02/2023
333;Hybrid;HT;0.900520253065658;0;646,6935484;348;9.0;7.0;8.0;6.8;6.5;6.0;5.8;7.1;1;11/02/2023
334;Hybrid;HT;0.915037012442111;0;644,1693548;349;9.0;7.0;8.0;6.8;6.5;6.0;5.8;7.1;1;12/02/2023
335;Hybrid;HT;0.900520253065658;0;641,6451613;350;9.0;7.0;8.0;6.8;6.5;6.0;5.8;7.1;1;13/02/2023
336;Hybrid;ZIL;0.915037012442111;0;639,1209677;351;9.0;7.0;8.0;6.8;6.5;6.0;5.8;7.1;1;14/02/2023
337;Hybrid;ZIL;0.900520253065658;0;636,5967742;352;9.0;7.0;8.0;6.8;6.5;6.0;5.8;7.1;1;15/02/2023
338;Hybrid;ZIL;0.808395975263557;0;634,0725806;353;5.0;8.0;5.0;7.0;7.5;7.5;8.0;6.9;1;16/02/2023
339;Hybrid;GALA;0.824537882938907;0;631,5483871;354;5.0;8.0;5.0;7.0;7.5;7.5;8.0;6.9;1;17/02/2023
340;Hybrid;GALA;0.808395975263557;0;629,0241935;355;5.0;8.0;5.0;7.0;7.5;7.5;8.0;6.9;1;18/02/2023
341;Hybrid;GALA;0.824537882938907;0;626,5;356;5.0;8.0;5.0;7.0;7.5;7.5;8.0;6.9;1;19/02/2023
363;Hybrid;GALA;0.808395975263557;0;623,9758065;357;5.0;8.0;5.0;7.0;7.5;7.5;8.0;6.9;1;20/02/2023
342;Hybrid;GALA;0.299530440125825;0;621,4516129;358;7.0;8.0;8.5;7.2;7.8;5.0;7.5;7.3;1;21/02/2023
343;Hybrid;GALA;0.21014443653437;0;618,9274194;359;7.0;8.0;8.5;7.2;7.8;5.0;7.5;7.3;1;22/02/2023
344;Hybrid;LRC;0.299530440125825;0;616,4032258;360;7.0;8.0;8.5;7.2;7.8;5.0;7.5;7.3;1;23/02/2023
345;Hybrid;LRC;0.21014443653437;0;613,8790323;361;7.0;8.0;8.5;7.2;7.8;5.0;7.5;7.3;1;24/02/2023
346;Hybrid;LRC;0.382818277884698;0;611,3548387;362;6.8;7.3;6.8;7.0;7.3;6.0;7.5;7;1;25/02/2023
347;Hybrid;LRC;0.3115232330495;0;608,8306452;363;6.8;7.3;6.8;7.0;7.3;6.0;7.5;7;1;26/02/2023
364;Hybrid;DASH;0.382818277884698;0;606,3064516;364;6.8;7.3;6.8;7.0;7.3;6.0;7.5;7;1;27/02/2023
365;Hybrid;DCR;0.850821726649018;0;603,7822581;365;5.0;6.4;6.0;8.0;7.0;6.3;7.0;6.6;1;28/02/2023
366;Hybrid;PAXG;0.820879023884049;0;601,2580645;366;5.0;6.4;6.0;8.0;7.0;6.3;7.0;6.6;1;01/03/2023
367;Hybrid;PAXG;0.886415071050357;0;598,733871;367;5.0;8.0;7.8;9.1;7.6;6.7;5.9;7.2;1;02/03/2023
